{"cameraMode":{"drawMode":0,"name":"Shaded","section":"Shading Mode"},"sceneLighting":false,"audioPlay":false,"sceneViewState":{"showFog":true,"showMaterialUpdate":false,"showSkybox":false,"showFlares":true,"showImageEffects":true,"showParticleSystems":true},"in2DMode":false,"pivot":{"x":8.354096412658692,"y":0.013039350509643555,"z":0.4046447277069092},"rotation":{"x":0.02417644113302231,"y":0.10327925533056259,"z":-0.002510577207431197,"w":0.9943553805351257},"size":9.387171745300293,"orthographic":false}