{"cameraMode":{"drawMode":0,"name":"Shaded","section":"Shading Mode"},"sceneLighting":false,"audioPlay":false,"sceneViewState":{"showFog":true,"showMaterialUpdate":false,"showSkybox":false,"showFlares":true,"showImageEffects":true,"showParticleSystems":true},"in2DMode":false,"pivot":{"x":-19.573030471801759,"y":3.533586263656616,"z":-16.042892456054689},"rotation":{"x":0.010995256714522839,"y":-0.6956983208656311,"z":0.010651662014424801,"w":0.7181709408760071},"size":23.01986312866211,"orthographic":false}