{"cameraMode":{"drawMode":0,"name":"Shaded","section":"Shading Mode"},"sceneLighting":false,"audioPlay":false,"sceneViewState":{"showFog":true,"showMaterialUpdate":false,"showSkybox":false,"showFlares":true,"showImageEffects":true,"showParticleSystems":true},"in2DMode":false,"pivot":{"x":8.093999862670899,"y":1.5160000324249268,"z":-1.374999761581421},"rotation":{"x":0.008810997009277344,"y":0.3226061761379242,"z":-0.003002609359100461,"w":0.946487545967102},"size":7.6165642738342289,"orthographic":false}