{"cameraMode":{"drawMode":0,"name":"Shaded","section":"Shading Mode"},"sceneLighting":false,"audioPlay":false,"sceneViewState":{"showFog":true,"showMaterialUpdate":false,"showSkybox":false,"showFlares":true,"showImageEffects":true,"showParticleSystems":true},"in2DMode":false,"pivot":{"x":22.647066116333009,"y":0.8723629713058472,"z":-3.7901980876922609},"rotation":{"x":0.001655541593208909,"y":0.99832683801651,"z":-0.03776399791240692,"w":0.043757643550634387},"size":9.480032920837403,"orthographic":false}